Price,Close,Volume
Ticker,1760.TW,1760.TW
Date,,
2021-03-18,75.30513000488281,947283
2021-03-19,74.11561584472656,1158950
2021-03-22,73.9326171875,443460
2021-03-23,75.03062438964844,2037714
2021-03-24,76.76913452148438,3647491
2021-03-25,76.22013854980469,1457435
2021-03-26,76.40313720703125,956007
2021-03-29,76.31163787841797,596753
2021-03-30,75.30513000488281,585545
2021-03-31,74.29861450195312,662235
2021-04-01,74.48162078857422,315879
2021-04-07,74.29861450195312,394237
2021-04-08,74.20711517333984,428434
2021-04-09,75.30513000488281,803342
2021-04-12,75.76262664794922,1600592
2021-04-13,74.20711517333984,832279
2021-04-14,73.1091079711914,684967
2021-04-15,73.01760864257812,438392
2021-04-16,72.92611694335938,346573
2021-04-19,72.19409942626953,472883
2021-04-20,71.82809448242188,372418
2021-04-21,71.91960144042969,483029
2021-04-22,70.08959197998047,748035
2021-04-23,69.35757446289062,384596
2021-04-26,69.8150863647461,329740
2021-04-27,71.73660278320312,1350663
2021-04-28,70.54708862304688,357440
2021-04-29,70.36408233642578,324631
2021-05-03,71.46209716796875,1883450
2021-05-04,69.54058074951172,1140610
2021-05-05,69.08306884765625,422166
2021-05-06,68.35107421875,345022
2021-05-07,68.8085708618164,261812
2021-05-10,68.25956726074219,359281
2021-05-11,65.05704498291016,794587
2021-05-12,71.55360412597656,1520184
2021-05-13,78.69065856933594,3092972
2021-05-14,83.90618896484375,19114862
2021-05-17,91.95825958251953,1783102
2021-05-18,98.36331939697266,24476857
2021-05-19,100.65084075927734,23331030
2021-05-20,102.9383544921875,19336040
2021-05-21,93.33078002929688,5242611
2021-05-24,102.4808578491211,5415891
2021-05-25,102.4808578491211,4574206
2021-05-26,99.27832794189453,2997778
2021-05-27,102.9383544921875,3101481
2021-05-28,97.44831085205078,2787720
2021-05-31,88.57273864746094,3579499
2021-06-01,90.58575439453125,3281028
2021-06-02,91.134765625,1444696
2021-06-03,98.82081604003906,2368343
2021-06-04,92.41576385498047,8088954
2021-06-07,101.56584167480469,6399431
2021-06-08,97.44831085205078,14993428
2021-06-09,107.05589294433594,14484554
2021-06-10,111.17342376708984,33945605
2021-06-11,112.08843231201172,19178849
2021-06-15,105.68338012695312,12713734
2021-06-16,105.22587585449219,5173269
2021-06-17,102.4808578491211,4462825
2021-06-18,104.31085968017578,4460597
2021-06-21,95.61829376220703,5224003
2021-06-22,92.87327575683594,3095939
2021-06-23,99.27832794189453,4320519
2021-06-24,95.77871704101562,2506968
2021-06-25,95.77871704101562,1467489
2021-06-28,96.23919677734375,1821778
2021-06-29,93.01587677001953,1290911
2021-06-30,93.47634887695312,1084306
2021-07-01,90.62139892578125,4731606
2021-07-02,91.63444519042969,2146752
2021-07-05,88.68740844726562,2068933
2021-07-06,87.02970123291016,1347128
2021-07-07,85.46409606933594,1588838
2021-07-08,85.00360870361328,1719012
2021-07-09,83.71428680419922,1621333
2021-07-12,82.24076843261719,1673957
2021-07-13,77.91230010986328,2548479
2021-07-14,78.6490707397461,1804556
2021-07-15,80.58306121826172,1415323
2021-07-16,79.2016372680664,1018527
2021-07-19,79.662109375,706973
2021-07-20,80.76724243164062,5372250
2021-07-21,77.35973358154297,1825080
2021-07-22,76.8992691040039,824327
2021-07-23,77.08345031738281,650585
2021-07-26,77.08345031738281,596682
2021-07-27,75.14945220947266,739398
2021-07-28,72.75498962402344,1064801
2021-07-29,77.35973358154297,1184246
2021-07-30,75.05735778808594,559236
2021-08-02,76.16250610351562,490263
2021-08-03,77.5439224243164,1023068
2021-08-04,77.91230010986328,478998
2021-08-05,77.6360092163086,623130
2021-08-06,77.19358825683594,412100
2021-08-09,75.79176330566406,405241
2021-08-10,74.57685089111328,489323
2021-08-11,72.42740631103516,673004
2021-08-12,73.73577117919922,505001
2021-08-13,73.45539093017578,505200
2021-08-16,73.92266845703125,654219
2021-08-17,73.92266845703125,0
2021-08-18,73.45539093017578,1007040
2021-08-19,70.55830383300781,591562
2021-08-20,70.37139892578125,396625
2021-08-23,71.3993911743164,440001
2021-08-24,72.5208511352539,511187
2021-08-25,74.48339080810547,616020
2021-08-26,73.3619384765625,461237
2021-08-27,72.61431121826172,212032
2021-08-30,71.96012878417969,185018
2021-08-31,71.58629608154297,191200
2021-09-01,71.21247863769531,289632
2021-09-02,69.90412139892578,469689
2021-09-03,69.62374877929688,319106
2021-09-06,70.46485137939453,1142200
2021-09-07,77.47395324707031,3730110
2021-09-08,82.5205078125,17546974
2021-09-09,74.57685089111328,5957154
2021-09-10,75.51140594482422,2498090
2021-09-13,72.14703369140625,1583057
2021-09-14,71.11902618408203,632081
2021-09-15,70.37139892578125,506684
2021-09-16,70.46485137939453,400280
2021-09-17,71.02558135986328,370376
2021-09-22,68.22193908691406,941537
2021-09-23,67.84811401367188,603725
2021-09-24,67.84811401367188,319062
2021-09-27,67.56776428222656,305062
2021-09-28,67.00701904296875,440258
2021-09-29,65.60519409179688,750782
2021-09-30,66.53974151611328,431630
2021-10-01,64.95101165771484,754539
2021-10-04,61.30628967285156,1133262
2021-10-05,62.2408332824707,590098
2021-10-06,61.68010330200195,373164
2021-10-07,62.89501190185547,374916
2021-10-08,62.89501190185547,258190
2021-10-12,61.30628967285156,339133
2021-10-13,59.81100845336914,367853
2021-10-14,62.89501190185547,961581
2021-10-15,62.2408332824707,651020
2021-10-18,61.86701202392578,443801
2021-10-19,63.36228561401367,414537
2021-10-20,64.10992431640625,397456
2021-10-21,63.08192443847656,198627
2021-10-22,62.2408332824707,343998
2021-10-25,63.45574188232422,420108
2021-10-26,62.80155563354492,319363
2021-10-27,63.82956314086914,316948
2021-10-28,65.51174926757812,694826
2021-10-29,64.10992431640625,555213
2021-11-01,63.5491943359375,440114
2021-11-02,63.64265823364258,417900
2021-11-03,63.736106872558594,229111
2021-11-04,64.29683685302734,354020
2021-11-05,64.39029693603516,184722
2021-11-08,63.268829345703125,292346
2021-11-09,62.334285736083984,479002
2021-11-10,61.96046447753906,313301
2021-11-11,61.773563385009766,294660
2021-11-12,62.2408332824707,236294
2021-11-15,64.39029693603516,814153
2021-11-16,63.92301940917969,263431
2021-11-17,64.29683685302734,187282
2021-11-18,65.69866180419922,757389
2021-11-19,64.20338439941406,586230
2021-11-22,65.7921142578125,719938
2021-11-23,65.41828918457031,1302586
2021-11-24,65.13792419433594,587833
2021-11-25,65.41828918457031,308202
2021-11-26,66.63320922851562,4660383
2021-11-29,68.22193908691406,5421346
2021-11-30,65.13792419433594,1681073
2021-12-01,65.41828918457031,1307008
2021-12-02,65.60519409179688,782753
2021-12-03,65.69866180419922,483951
2021-12-06,65.51174926757812,346200
2021-12-07,64.39029693603516,636508
2021-12-08,65.23138427734375,522202
2021-12-09,64.8575668334961,379563
2021-12-10,64.48374938964844,1356306
2021-12-13,64.57720184326172,349623
2021-12-14,63.5491943359375,462600
2021-12-15,64.76411437988281,198120
2021-12-16,64.48374938964844,163002
2021-12-17,64.8575668334961,646151
2021-12-20,65.69866180419922,524281
2021-12-21,65.69866180419922,264991
2021-12-22,66.44629669189453,595754
2021-12-23,66.25939178466797,480530
2021-12-24,65.88556671142578,184432
2021-12-27,66.63320922851562,481761
2021-12-28,68.68921661376953,1914732
2021-12-29,70.55830383300781,1630501
2021-12-30,70.27793884277344,2475826
2022-01-03,67.28738403320312,1446272
2022-01-04,69.90412139892578,1448600
2022-01-05,68.96957397460938,733258
2022-01-06,69.24993896484375,1696039
2022-01-07,72.89466857910156,6401013
2022-01-10,77.3804931640625,8366419
2022-01-11,72.89466857910156,3361922
2022-01-12,76.07212829589844,3306338
2022-01-13,78.96922302246094,5112522
2022-01-14,77.66085815429688,3332886
2022-01-17,77.47395324707031,2385864
2022-01-18,74.10958862304688,2165760
2022-01-19,72.33393859863281,1698067
2022-01-20,72.70775604248047,1829252
2022-01-21,77.56739807128906,7664850
2022-01-24,77.84776306152344,9799734
2022-01-25,75.88521575927734,2346160
2022-01-26,76.63285827636719,1974292
2022-02-07,77.66085815429688,1583805
2022-02-08,79.43649291992188,1304674
2022-02-09,84.20268249511719,6232282
2022-02-10,89.2492446899414,6008663
2022-02-11,89.06233215332031,7362073
2022-02-14,93.26779174804688,6031963
2022-02-15,91.86597442626953,5894982
2022-02-16,91.21179962158203,3317368
2022-02-17,91.95942687988281,9129720
2022-02-18,94.85652160644531,5600723
2022-02-21,104.20199584960938,12639028
2022-02-22,104.20199584960938,0
2022-02-23,93.9219741821289,32030026
2022-02-24,92.52015686035156,13055697
2022-02-25,101.39835357666016,8215565
2022-03-01,98.12744140625,7408583
2022-03-02,104.66926574707031,12109805
2022-03-03,106.07109832763672,7565122
2022-03-04,101.86563110351562,4905033
2022-03-07,95.79106903076172,3606388
2022-03-08,91.11833190917969,3056748
2022-03-09,92.333251953125,3032379
2022-03-10,95.79106903076172,2474230
2022-03-11,91.86597442626953,1328016
2022-03-14,92.333251953125,1719101
2022-03-15,87.47360229492188,1509395
2022-03-16,86.91287994384766,1348498
2022-03-17,90.37069702148438,2185114
2022-03-18,91.58560943603516,1019624
2022-03-21,90.65106201171875,787190
2022-03-22,89.71652221679688,946110
2022-03-23,90.18379211425781,858239
2022-03-24,92.0528793334961,1368745
2022-03-25,89.71652221679688,1626050
2022-03-28,91.77252197265625,7871274
2022-03-29,91.77252197265625,1613291
2022-03-30,91.49215698242188,1025529
2022-03-31,100.46380615234375,8430159
2022-04-01,96.25834655761719,13286308
2022-04-06,100.93108367919922,9421995
2022-04-07,104.20199584960938,16539641
2022-04-08,98.59471130371094,9069237
2022-04-11,108.40745544433594,20133339
2022-04-12,108.40745544433594,37092195
2022-04-13,105.60382080078125,13046143
2022-04-14,115.88382720947266,23254445
2022-04-15,127.098388671875,53202434
2022-04-18,139.71478271484375,10609286
2022-04-19,149.52752685546875,70518886
2022-04-20,151.39662170410156,94932069
2022-04-21,142.98570251464844,7980695
2022-04-22,138.31297302246094,6083177
2022-04-25,132.70565795898438,5146177
2022-04-26,128.50021362304688,6103794
2022-04-27,141.11660766601562,5301128
2022-04-28,127.565673828125,5785051
2022-04-29,130.36932373046875,2429051
2022-05-03,125.69658660888672,1993728
2022-05-04,114.48201751708984,4519290
2022-05-05,115.41656494140625,2328256
2022-05-06,117.28565979003906,2884501
2022-05-09,120.55656433105469,2104854
2022-05-10,108.8747329711914,9656528
2022-05-11,104.20199584960938,18114278
2022-05-12,97.19288635253906,11229930
2022-05-13,98.59471130371094,12841671
2022-05-16,101.86563110351562,7122629
2022-05-17,99.52926635742188,3485305
2022-05-18,100.46380615234375,7509353
2022-05-19,95.32379150390625,11713127
2022-05-20,95.79106903076172,5739271
2022-05-23,100.93108367919922,12473969
2022-05-24,95.32379150390625,6345019
2022-05-25,96.72561645507812,4949609
2022-05-26,93.9219741821289,4091735
2022-05-27,97.19288635253906,3219734
2022-05-30,99.52926635742188,2984147
2022-05-31,99.0619888305664,1281045
2022-06-01,99.52926635742188,1665253
2022-06-02,97.19288635253906,2018112
2022-06-06,96.25834655761719,981010
2022-06-07,97.19288635253906,744216
2022-06-08,96.72561645507812,1156125
2022-06-09,99.52926635742188,1963082
2022-06-10,94.85652160644531,7555227
2022-06-13,87.94087982177734,5391473
2022-06-14,85.4176025390625,4150768
2022-06-15,86.44560241699219,2007350
2022-06-16,84.10923767089844,1769231
2022-06-17,83.45506286621094,2054337
2022-06-20,80.18415069580078,2246176
2022-06-21,88.12779235839844,3417392
2022-06-22,90.37069702148438,9039127
2022-06-23,99.0619888305664,5674350
2022-06-24,102.33290100097656,10800785
2022-06-27,101.3853759765625,6680603
2022-06-28,111.33440399169922,14114670
2022-06-29,117.96710205078125,38849004
2022-06-30,113.7032241821289,32929558
2022-07-01,115.59828186035156,24031720
2022-07-04,113.7032241821289,14945569
2022-07-05,114.6507568359375,13505299
2022-07-06,113.7032241821289,23536967
2022-07-07,114.17699432373047,19510351
2022-07-08,111.80816650390625,10282224
2022-07-11,109.91311645507812,14100249
2022-07-12,104.22795104980469,11628212
2022-07-13,108.96559143066406,9814439
2022-07-14,110.38687896728516,7169665
2022-07-15,104.70172119140625,8132761
2022-07-18,108.49182891845703,4877252
2022-07-19,106.59677124023438,6537308
2022-07-20,110.86064147949219,5367929
2022-07-21,110.86064147949219,6116484
2022-07-22,117.01956939697266,14984009
2022-07-25,121.28343963623047,18659970
2022-07-26,117.49333190917969,9717570
2022-07-27,113.7032241821289,7688358
2022-07-28,116.0720443725586,6323587
2022-07-29,115.59828186035156,3828260
2022-08-01,109.43934631347656,4375575
2022-08-02,106.59677124023438,5446383
2022-08-03,103.75419616699219,4972300
2022-08-04,102.8066635131836,3515008
2022-08-05,107.0705337524414,3132586
2022-08-08,108.01805877685547,2506551
2022-08-09,107.54430389404297,2277160
2022-08-10,109.43934631347656,3395416
2022-08-11,108.01805877685547,2291014
2022-08-12,108.01805877685547,2122050
2022-08-15,118.44085693359375,8054449
2022-08-16,130.28494262695312,18969866
2022-08-17,133.6012725830078,46005929
2022-08-18,141.18150329589844,31361274
2022-08-19,143.07656860351562,20739529
2022-08-22,142.1290283203125,13842000
2022-08-23,137.8651580810547,16271728
2022-08-24,141.18150329589844,26831524
2022-08-25,147.34042358398438,15464503
2022-08-26,143.55032348632812,19956880
2022-08-29,141.18150329589844,10595291
2022-08-30,144.0240936279297,15615330
2022-08-31,146.3928985595703,29556729
2022-09-01,142.1290283203125,13933027
2022-09-02,153.49935913085938,27142494
2022-09-05,143.07656860351562,17437909
2022-09-06,128.8636474609375,26539110
2022-09-07,123.17849731445312,17172084
2022-09-08,131.7062225341797,15710400
2022-09-12,137.3914031982422,22667699
2022-09-13,137.8651580810547,12902820
2022-09-14,133.6012725830078,19586323
2022-09-15,131.7062225341797,8986109
2022-09-16,128.389892578125,7216464
2022-09-19,129.81118774414062,8032109
2022-09-20,129.81118774414062,7309300
2022-09-21,131.2324676513672,10578907
2022-09-22,139.76022338867188,21693820
2022-09-23,135.496337890625,17147521
2022-09-26,125.07354736328125,10635637
2022-09-27,130.75869750976562,15135513
2022-09-28,123.17849731445312,7179970
2022-09-29,130.75869750976562,15195402
2022-09-30,134.54881286621094,8687617
2022-10-03,128.389892578125,10018056
2022-10-04,141.18150329589844,15766559
2022-10-05,142.1290283203125,37153662
2022-10-06,144.49783325195312,16505030
2022-10-07,140.70773315429688,18927868
2022-10-11,131.2324676513672,16080379
2022-10-12,136.91763305664062,14873703
2022-10-13,131.2324676513672,13536152
2022-10-14,143.07656860351562,17122086
2022-10-17,138.81268310546875,18926405
2022-10-18,137.8651580810547,14259044
2022-10-19,135.0225830078125,8877310
2022-10-20,139.76022338867188,12588383
2022-10-21,133.6012725830078,10659706
2022-10-24,132.6537628173828,8560169
2022-10-25,126.9686050415039,11998594
2022-10-26,126.02107238769531,10084410
2022-10-27,131.7062225341797,9593762
2022-10-28,134.54881286621094,12161297
2022-10-31,142.60279846191406,17721022
2022-11-01,142.1290283203125,11865184
2022-11-02,142.1290283203125,9828198
2022-11-03,142.1290283203125,6365222
2022-11-04,136.91763305664062,12898292
2022-11-07,131.7062225341797,10269043
2022-11-08,130.28494262695312,7545581
2022-11-09,133.12753295898438,4385711
2022-11-10,133.12753295898438,8755693
2022-11-11,133.6012725830078,15325343
2022-11-14,133.12753295898438,6511480
2022-11-15,131.7062225341797,4855341
2022-11-16,138.81268310546875,14774925
2022-11-17,152.55181884765625,29317753
2022-11-18,164.8696746826172,44397570
2022-11-21,167.71226501464844,17134994
2022-11-22,156.34193420410156,20658508
2022-11-23,163.44837951660156,28158514
2022-11-24,161.07957458496094,17373737
2022-11-25,155.86817932128906,13785754
2022-11-28,158.71075439453125,14858404
2022-11-29,154.44688415527344,16095395
2022-11-30,156.34193420410156,10517995
2022-12-01,159.18450927734375,12020274
2022-12-02,159.18450927734375,14725339
2022-12-05,171.97613525390625,22727565
2022-12-06,170.55484008789062,35487407
2022-12-07,165.8171844482422,23247979
2022-12-08,160.1320343017578,12912735
2022-12-09,170.55484008789062,13722446
2022-12-12,164.3959197998047,11519201
2022-12-13,161.07957458496094,23331750
2022-12-14,169.133544921875,23873511
2022-12-15,171.5023651123047,15597826
2022-12-16,170.08106994628906,19529174
2022-12-19,171.97613525390625,16728255
2022-12-20,161.07957458496094,12676314
2022-12-21,161.07957458496094,10950104
2022-12-22,165.8171844482422,13625877
2022-12-23,180.0301055908203,30661537
2022-12-26,170.55484008789062,37778949
2022-12-27,163.92214965820312,21562933
2022-12-28,164.8696746826172,12845788
2022-12-29,167.23849487304688,25767430
2022-12-30,169.60731506347656,17194999
2023-01-03,166.29095458984375,12016366
2023-01-04,161.07957458496094,8045304
2023-01-05,161.5533447265625,7569649
2023-01-06,162.5008544921875,4764270
2023-01-09,163.44837951660156,4770352
2023-01-10,157.28945922851562,7043382
2023-01-11,154.92063903808594,7040553
2023-01-12,152.55181884765625,6420533
2023-01-13,152.07806396484375,5446913
2023-01-16,155.39439392089844,4789978
2023-01-17,156.34193420410156,5752764
2023-01-30,156.81570434570312,4229601
2023-01-31,160.1320343017578,3639127
2023-02-01,159.6582794189453,2790787
2023-02-02,161.5533447265625,3326953
2023-02-03,164.3959197998047,8345530
2023-02-06,167.23849487304688,18161013
2023-02-07,166.76473999023438,10342070
2023-02-08,170.08106994628906,8286780
2023-02-09,168.6597900390625,10228731
2023-02-10,161.5533447265625,6355670
2023-02-13,160.1320343017578,4887280
2023-02-14,160.60580444335938,3843252
2023-02-15,158.71075439453125,2459422
2023-02-16,160.60580444335938,3393537
2023-02-17,157.7632293701172,4004444
2023-02-20,154.92063903808594,3855210
2023-02-21,155.86817932128906,2377803
2023-02-22,152.07806396484375,3689915
2023-02-23,156.34193420410156,2583376
2023-02-24,152.55181884765625,2749661
2023-03-01,152.07806396484375,1285027
2023-03-02,156.81570434570312,3147676
2023-03-03,162.974609375,5425357
2023-03-06,166.76473999023438,16068631
2023-03-07,162.974609375,9101717
2023-03-08,162.974609375,8531752
2023-03-09,162.5008544921875,3941701
2023-03-10,156.81570434570312,6528397
2023-03-13,154.92063903808594,2663636
2023-03-14,153.97312927246094,3041202
2023-03-15,156.34193420410156,2592006
2023-03-16,151.6042938232422,3348241
2023-03-17,153.0255889892578,3498267
2023-03-20,154.92063903808594,2388112
2023-03-21,155.86817932128906,1613728
2023-03-22,153.49935913085938,2315274
2023-03-23,153.0255889892578,1332007
2023-03-24,157.28945922851562,2054648
2023-03-27,161.5533447265625,5552350
2023-03-28,157.28945922851562,5773002
2023-03-29,165.34344482421875,8941936
2023-03-30,161.5533447265625,7449490
2023-03-31,156.34193420410156,6862573
2023-04-06,165.34344482421875,9825971
2023-04-07,169.133544921875,11885479
2023-04-10,167.23849487304688,6131040
2023-04-11,164.8696746826172,3184210
2023-04-12,166.29095458984375,2990515
2023-04-13,166.76473999023438,3542752
2023-04-14,164.3959197998047,3287584
2023-04-17,161.5533447265625,2509556
2023-04-18,162.974609375,2151316
2023-04-19,179.08258056640625,13798780
2023-04-20,167.23849487304688,26186948
2023-04-21,155.86817932128906,14609178
2023-04-24,153.49935913085938,3768664
2023-04-25,151.6042938232422,5291257
2023-04-26,153.49935913085938,2140270
2023-04-27,152.07806396484375,1634218
2023-04-28,153.49935913085938,1180032
2023-05-02,154.44688415527344,2695625
2023-05-03,154.44688415527344,1957067
2023-05-04,158.2369842529297,5133179
2023-05-05,156.81570434570312,1860775
2023-05-08,154.44688415527344,2123104
2023-05-09,152.55181884765625,1365556
2023-05-10,152.07806396484375,2202083
2023-05-11,139.76022338867188,6779835
2023-05-12,135.496337890625,5009999
2023-05-15,132.6537628173828,2943035
2023-05-16,131.2324676513672,2378164
2023-05-17,135.0225830078125,5954391
2023-05-18,134.54881286621094,3440000
2023-05-19,137.3914031982422,3402754
2023-05-22,137.3914031982422,1306043
2023-05-23,147.81419372558594,6515723
2023-05-24,143.07656860351562,4175210
2023-05-25,141.18150329589844,1660100
2023-05-26,140.70773315429688,2112148
2023-05-29,140.70773315429688,1627252
2023-05-30,140.23399353027344,1243002
2023-05-31,142.60279846191406,953144
2023-06-01,138.33892822265625,1305515
2023-06-02,136.44386291503906,1774245
2023-06-05,135.97010803222656,1202177
2023-06-06,135.97010803222656,1081538
2023-06-07,139.2864532470703,1581382
2023-06-08,135.496337890625,991013
2023-06-09,135.496337890625,1072151
2023-06-12,131.7062225341797,1461162
2023-06-13,130.75869750976562,1047613
2023-06-14,130.75869750976562,1535210
2023-06-15,133.12753295898438,779137
2023-06-16,132.1800079345703,880165
2023-06-19,130.28494262695312,1014535
2023-06-20,125.07354736328125,2000700
2023-06-21,123.65225982666016,1820052
2023-06-26,127.91612243652344,2176250
2023-06-27,129.33743286132812,6569957
2023-06-28,127.91612243652344,2253057
2023-06-29,130.28494262695312,2142002
2023-06-30,126.9686050415039,1179110
2023-07-03,126.02107238769531,1154021
2023-07-04,131.7062225341797,5695470
2023-07-05,131.7062225341797,3280021
2023-07-06,130.75869750976562,5935603
2023-07-07,127.44236755371094,1436200
2023-07-10,127.44236755371094,934011
2023-07-11,124.59979248046875,1363268
2023-07-12,124.12601470947266,683223
2023-07-13,121.28343963623047,1204096
2023-07-14,122.23096466064453,822011
2023-07-17,125.07354736328125,959824
2023-07-18,120.74407196044922,1443115
2023-07-19,123.14933776855469,1197302
2023-07-20,122.66828155517578,852320
2023-07-21,122.66828155517578,2266200
2023-07-24,121.22512817382812,998231
2023-07-25,123.6303939819336,1111195
2023-07-26,111.60408782958984,2435211
2023-07-27,109.19882202148438,4547115
2023-07-28,107.27461242675781,2298048
2023-07-31,108.23672485351562,1161055
2023-08-01,107.27461242675781,888559
2023-08-02,103.9072494506836,1362236
2023-08-04,104.3883056640625,719455
2023-08-07,104.86935424804688,920010
2023-08-08,101.98304748535156,768221
2023-08-09,101.98304748535156,821040
2023-08-10,99.5777816772461,1409350
2023-08-11,99.5777816772461,594006
2023-08-14,96.21041870117188,2141090
2023-08-15,97.17252349853516,973061
2023-08-16,96.69147491455078,589062
2023-08-17,97.65357208251953,796119
2023-08-18,96.21041870117188,676002
2023-08-21,100.058837890625,3512743
2023-08-22,99.5777816772461,1285002
2023-08-23,99.5777816772461,781277
2023-08-24,97.17252349853516,1140500
2023-08-25,97.17252349853516,423387
2023-08-28,95.34452056884766,524315
2023-08-29,96.69147491455078,904260
2023-08-30,99.09673309326172,880212
2023-08-31,99.5777816772461,1639200
2023-09-01,100.5398941040039,449488
2023-09-04,101.02094268798828,470574
2023-09-05,100.5398941040039,393466
2023-09-06,101.02094268798828,315302
2023-09-07,101.02094268798828,469120
2023-09-08,101.02094268798828,422100
2023-09-11,99.5777816772461,924005
2023-09-12,99.09673309326172,504172
2023-09-13,102.46410369873047,1050211
2023-09-14,101.98304748535156,556059
2023-09-15,101.02094268798828,305012
2023-09-18,102.94515228271484,1232138
2023-09-19,101.50199127197266,583391
2023-09-20,100.058837890625,429127
2023-09-21,97.65357208251953,411001
2023-09-22,98.61568450927734,234003
2023-09-25,99.5777816772461,183202
2023-09-26,98.13462829589844,156357
2023-09-27,98.13462829589844,133001
2023-09-28,98.61568450927734,237281
2023-10-02,99.5777816772461,278127
2023-10-03,97.65357208251953,280022
2023-10-04,96.69147491455078,315500
2023-10-05,100.058837890625,653021
2023-10-06,98.61568450927734,257050
2023-10-11,97.17252349853516,345009
2023-10-12,98.61568450927734,190016
2023-10-13,96.69147491455078,390001
2023-10-16,96.21041870117188,210000
2023-10-17,92.84305572509766,904329
2023-10-18,92.74684143066406,2032013
2023-10-19,95.6331558227539,1580100
2023-10-20,92.93926239013672,528076
2023-10-23,93.4203109741211,607379
2023-10-24,96.11421203613281,850002
2023-10-25,99.5777816772461,1107696
2023-10-26,97.17252349853516,1359232
2023-10-27,106.79356384277344,4264263
2023-10-30,105.83145904541016,6539800
2023-10-31,108.7177734375,3573779
2023-11-01,109.67987823486328,5998396
2023-11-02,108.23672485351562,2354180
2023-11-03,104.3883056640625,2670631
2023-11-06,106.31251525878906,933090
2023-11-07,105.83145904541016,2558074
2023-11-08,106.79356384277344,1037238
2023-11-09,104.3883056640625,1058060
2023-11-10,109.19882202148438,4800624
2023-11-13,106.31251525878906,1109068
2023-11-14,104.86935424804688,789100
2023-11-15,106.79356384277344,935269
2023-11-16,106.31251525878906,965050
2023-11-17,106.79356384277344,697000
2023-11-20,107.75566864013672,1248218
2023-11-21,109.19882202148438,1159368
2023-11-22,107.27461242675781,1736619
2023-11-23,109.19882202148438,1066361
2023-11-24,107.27461242675781,770200
2023-11-27,117.8577651977539,9129768
2023-11-28,113.0472412109375,9982365
2023-11-29,112.08514404296875,2095681
2023-11-30,111.60408782958984,1824301
2023-12-01,112.56619262695312,5012892
2023-12-04,114.49040222167969,2706275
2023-12-05,109.67987823486328,2333002
2023-12-06,109.19882202148438,1002213
2023-12-07,107.27461242675781,901554
2023-12-08,108.7177734375,950050
2023-12-11,108.23672485351562,624012
2023-12-12,108.23672485351562,483005
2023-12-13,107.75566864013672,433039
2023-12-14,107.27461242675781,459293
2023-12-15,108.23672485351562,624024
2023-12-18,108.23672485351562,638007
2023-12-19,108.7177734375,776002
2023-12-20,109.19882202148438,791386
2023-12-21,107.27461242675781,731002
2023-12-22,107.27461242675781,317001
2023-12-25,105.35040283203125,448004
2023-12-26,104.86935424804688,1049178
2023-12-27,109.19882202148438,1231318
2023-12-28,107.75566864013672,481002
2023-12-29,107.75566864013672,357274
2024-01-02,107.27461242675781,248562
2024-01-03,107.27461242675781,2424036
2024-01-04,106.31251525878906,663014
2024-01-05,108.23672485351562,566500
2024-01-08,106.79356384277344,393122
2024-01-09,103.9072494506836,662600
2024-01-10,101.02094268798828,1036541
2024-01-11,101.50199127197266,339026
2024-01-12,101.50199127197266,409070
2024-01-15,102.46410369873047,385350
2024-01-16,101.02094268798828,413500
2024-01-17,98.61568450927734,700015
2024-01-18,100.058837890625,637361
2024-01-19,99.09673309326172,323500
2024-01-22,101.50199127197266,646054
2024-01-23,100.5398941040039,252152
2024-01-24,100.5398941040039,248000
2024-01-25,99.5777816772461,179500
2024-01-26,100.058837890625,438027
2024-01-29,99.09673309326172,297002
2024-01-30,100.058837890625,248904
2024-01-31,99.5777816772461,285205
2024-02-01,99.09673309326172,275100
2024-02-02,98.61568450927734,274000
2024-02-05,98.61568450927734,300246
2024-02-15,100.058837890625,505227
2024-02-16,102.46410369873047,566077
2024-02-19,101.98304748535156,364334
2024-02-20,101.98304748535156,347478
2024-02-21,101.98304748535156,320102
2024-02-22,101.50199127197266,246829
2024-02-23,99.5777816772461,449050
2024-02-26,101.98304748535156,587439
2024-02-27,99.5777816772461,298016
2024-02-29,100.058837890625,231100
2024-03-01,98.13462829589844,482197
2024-03-04,97.65357208251953,382134
2024-03-05,98.13462829589844,832528
2024-03-06,98.13462829589844,780005
2024-03-07,99.5777816772461,877086
2024-03-08,96.69147491455078,589643
2024-03-11,97.17252349853516,498500
2024-03-12,98.13462829589844,701306
2024-03-13,97.65357208251953,431018
2024-03-14,98.13462829589844,318510
2024-03-15,97.65357208251953,307005
2024-03-18,99.09673309326172,210702
2024-03-19,98.61568450927734,285198
2024-03-20,99.5777816772461,583145
2024-03-21,100.5398941040039,252139
2024-03-22,101.02094268798828,361224
2024-03-25,102.46410369873047,631322
2024-03-26,101.98304748535156,676019
2024-03-27,107.27461242675781,3043790
2024-03-28,107.75566864013672,2492171
2024-03-29,105.83145904541016,841000
2024-04-01,106.79356384277344,1006211
2024-04-02,108.23672485351562,596271
2024-04-03,109.67987823486328,922327
2024-04-08,106.79356384277344,917032
2024-04-09,105.83145904541016,777011
2024-04-10,103.9072494506836,813543
2024-04-11,105.35040283203125,1606049
2024-04-12,100.058837890625,1411150
2024-04-15,99.09673309326172,520015
2024-04-16,98.13462829589844,703000
2024-04-17,98.61568450927734,352030
2024-04-18,97.17252349853516,428004
2024-04-19,92.650634765625,1294122
2024-04-22,93.4203109741211,429101
2024-04-23,94.76726531982422,419000
2024-04-24,94.76726531982422,299000
2024-04-25,93.4203109741211,452200
2024-04-26,92.84305572509766,345006
2024-04-29,93.70894622802734,521040
2024-04-30,92.45820617675781,489002
2024-05-02,93.70894622802734,212113
2024-05-03,93.13168334960938,207000
2024-05-06,92.93926239013672,279233
2024-05-07,93.03546905517578,200350
2024-05-08,92.74684143066406,215063
2024-05-09,90.91885375976562,477029
2024-05-10,90.43779754638672,643050
2024-05-13,91.11126708984375,293000
2024-05-14,91.78473663330078,133350
2024-05-15,92.0733642578125,146062
2024-05-16,92.74684143066406,347029
2024-05-17,94.47863006591797,616130
2024-05-20,93.99757385253906,508203
2024-05-21,93.51652526855469,121101
2024-05-22,93.22789764404297,191105
2024-05-23,91.49610137939453,353100
2024-05-24,91.78473663330078,100032
2024-05-27,91.88094329833984,182000
2024-05-28,93.8051528930664,512013
2024-05-29,93.03546905517578,204209
2024-05-30,91.59231567382812,213013
2024-05-31,92.36199951171875,206100
2024-06-03,92.650634765625,220001
2024-06-04,92.45820617675781,165100
2024-06-05,94.09378814697266,433060
2024-06-06,93.13168334960938,307093
2024-06-07,93.99757385253906,297005
2024-06-11,96.01799774169922,911214
2024-06-12,94.76726531982422,394008
2024-06-13,94.96266174316406,251101
2024-06-14,93.98567962646484,355145
2024-06-17,95.74424743652344,429700
2024-06-18,96.03734588623047,308020
2024-06-19,95.25575256347656,281003
2024-06-20,96.03734588623047,747051
2024-06-21,96.9166259765625,680345
2024-06-24,95.25575256347656,347009
2024-06-25,94.76726531982422,263202
2024-06-26,100.62915802001953,2150436
2024-06-27,99.16368103027344,1313141
2024-06-28,100.14067077636719,511023
2024-07-01,99.65217590332031,500103
2024-07-02,97.60051727294922,422118
2024-07-03,96.72122955322266,577000
2024-07-04,98.18670654296875,354230
2024-07-05,97.69821166992188,277015
2024-07-08,97.69821166992188,231373
2024-07-09,96.72122955322266,443402
2024-07-10,97.01432800292969,260300
2024-07-11,96.72122955322266,317021
2024-07-12,97.01432800292969,208000
2024-07-15,96.23274230957031,357353
2024-07-16,95.06036376953125,535128
2024-07-17,98.6751937866211,888111
2024-07-18,98.18670654296875,1272100
2024-07-19,95.93964385986328,701624
2024-07-22,94.86495971679688,980394
2024-07-23,95.06036376953125,339132
2024-07-26,94.86495971679688,260011
2024-07-29,91.15243530273438,636233
2024-07-30,92.32481384277344,166020
2024-07-31,92.52020263671875,120007
2024-08-01,94.08338165283203,237200
2024-08-02,91.54322052001953,215000
2024-08-05,82.45729064941406,846183
2024-08-06,80.11253356933594,1068382
2024-08-07,87.34220123291016,633220
2024-08-08,85.97442626953125,267010
2024-08-09,87.92839050292969,190013
2024-08-12,88.70997619628906,145027
2024-08-13,89.88235473632812,176500
2024-08-14,91.15243530273438,151222
2024-08-15,91.34782409667969,124010
2024-08-16,91.34782409667969,179003
2024-08-19,92.22711181640625,139002
2024-08-20,92.0317153930664,201249
2024-08-21,91.83631896972656,99133
2024-08-22,92.32481384277344,111005
2024-08-23,92.32481384277344,91053
2024-08-26,92.81330108642578,127000
2024-08-27,92.32481384277344,105102
2024-08-28,91.7386245727539,129052
2024-08-29,91.7386245727539,110000
2024-08-30,91.64092254638672,179137
2024-09-02,90.76164245605469,95003
2024-09-03,90.07775115966797,132501
2024-09-04,85.48593139648438,270098
2024-09-05,86.1698226928711,155001
2024-09-06,85.48593139648438,110600
2024-09-09,86.46292114257812,159055
2024-09-10,85.58363342285156,124001
2024-09-11,84.99744415283203,28002
2024-09-12,86.0721206665039,47002
2024-09-13,85.8767318725586,44049
2024-09-16,86.1698226928711,111018
2024-09-18,86.1698226928711,69058
2024-09-19,86.36521911621094,83012
2024-09-20,86.85371398925781,69001
2024-09-23,85.7790298461914,103013
2024-09-24,86.56061553955078,69002
2024-09-25,88.51457977294922,216128
2024-09-26,87.04910278320312,105044
2024-09-27,88.41688537597656,144000
2024-09-30,89.39385986328125,78170
2024-10-01,88.31918334960938,103001
2024-10-04,87.34220123291016,126100
2024-10-07,87.34220123291016,57018
2024-10-08,87.83069610595703,91095
2024-10-09,86.65830993652344,107026
2024-10-11,86.0721206665039,116247
2024-10-14,86.46292114257812,109108
2024-10-15,86.46292114257812,149050
2024-10-16,84.89974975585938,251500
2024-10-17,85.09513854980469,118003
2024-10-18,84.50895690917969,160100
2024-10-21,84.21585845947266,191546
2024-10-22,84.02046203613281,175019
2024-10-23,84.21585845947266,130139
2024-10-24,84.80204772949219,395295
2024-10-25,84.704345703125,109000
2024-10-28,84.704345703125,83036
2024-10-29,84.11815643310547,139713
2024-10-30,83.53196716308594,120886
2024-11-01,84.4112548828125,92167
2024-11-04,85.19284057617188,149080
2024-11-05,88.9053726196289,616028
2024-11-06,87.73299407958984,190110
2024-11-07,89.00306701660156,181050
2024-11-08,88.41688537597656,105013
2024-11-11,92.22711181640625,610308
2024-11-12,91.05473327636719,358861
2024-11-13,90.56623840332031,175050
2024-11-14,88.51457977294922,203056
2024-11-15,88.9053726196289,118002
2024-11-18,86.95140838623047,152097
2024-11-19,86.46292114257812,125212
2024-11-20,86.95140838623047,75680
2024-11-21,87.2445068359375,95204
2024-11-22,87.43989562988281,68100
2024-11-25,87.53759765625,76940
2024-11-26,88.12378692626953,104002
2024-11-27,88.51457977294922,249198
2024-11-28,86.85371398925781,201009
2024-11-29,88.80767822265625,272027
2024-12-02,86.95140838623047,221107
2024-12-03,87.53759765625,81012
2024-12-04,87.04910278320312,78048
2024-12-05,85.68132781982422,300141
2024-12-06,84.80204772949219,187223
2024-12-09,84.21585845947266,96010
2024-12-10,84.31356048583984,46056
2024-12-11,83.62966918945312,103218
2024-12-12,83.62966918945312,65150
2024-12-13,82.16419219970703,221045
2024-12-16,80.40563201904297,193007
2024-12-17,80.40563201904297,63008
2024-12-18,80.79641723632812,95023
2024-12-19,79.5263442993164,92073
2024-12-20,79.13555145263672,232043
2024-12-23,79.62403869628906,61264
2024-12-24,80.01483917236328,63179
2024-12-25,79.5263442993164,82114
2024-12-26,82.6526870727539,525061
2024-12-27,81.38261413574219,555257
2024-12-30,80.30792999267578,129019
2024-12-31,80.2102279663086,55001
2025-01-02,80.79641723632812,193101
2025-01-03,81.48030853271484,214021
2025-01-06,81.67570495605469,230032
2025-01-07,80.2102279663086,167150
2025-01-08,81.5780029296875,182015
2025-01-09,80.40563201904297,140001
2025-01-10,81.08951568603516,198001
2025-01-13,78.45166778564453,264020
2025-01-14,79.33094787597656,97300
2025-01-15,79.9171371459961,89024
2025-01-16,80.79641723632812,158093
2025-01-17,79.8194351196289,105014
2025-01-20,79.8194351196289,149142
2025-01-21,80.30792999267578,80005
2025-01-22,80.11253356933594,50012
2025-02-03,84.99744415283203,884905
2025-02-04,83.14117431640625,345216
2025-02-05,84.89974975585938,175220
2025-02-06,86.56061553955078,386104
2025-02-07,87.04910278320312,279007
2025-02-10,85.58363342285156,131061
2025-02-11,84.02046203613281,193001
2025-02-12,83.53196716308594,205139
2025-02-13,84.50895690917969,130010
2025-02-14,86.0721206665039,331207
2025-02-17,84.99744415283203,152352
2025-02-18,83.82506561279297,131037
2025-02-19,84.31356048583984,206007
2025-02-20,84.21585845947266,82009
2025-02-21,84.50895690917969,150001
2025-02-24,84.89974975585938,380008
2025-02-25,83.82506561279297,148101
2025-02-26,83.43427276611328,84002
2025-02-27,83.14117431640625,78100
2025-03-03,81.96880340576172,109015
2025-03-04,81.96880340576172,114014
2025-03-05,82.3595962524414,39106
2025-03-06,81.96880340576172,61078
2025-03-07,81.67570495605469,67024
2025-03-10,81.18721008300781,78127
2025-03-11,81.08951568603516,172010
2025-03-12,81.87110137939453,55012
2025-03-13,80.40563201904297,85070
2025-03-14,80.60102844238281,76204
2025-03-17,80.9918212890625,49208
2025-03-18,81.08951568603516,51100
2025-03-19,80.50332641601562,67010
2025-03-20,80.60102844238281,36023
2025-03-21,80.30792999267578,92411
2025-03-24,80.40563201904297,71411
2025-03-25,80.11253356933594,33179
2025-03-26,80.30792999267578,38003
2025-03-27,79.8194351196289,72165
2025-03-28,77.76777648925781,309211
2025-03-31,71.80818176269531,456102
2025-04-01,73.2736587524414,118000
2025-04-02,73.2736587524414,44002
2025-04-07,65.9462890625,89403
2025-04-08,60.182098388671875,646034
2025-04-09,54.71099853515625,665321
2025-04-10,60.182098388671875,120100
2025-04-11,63.50383758544922,255199
2025-04-14,63.99232864379883,214315
2025-04-15,65.75090026855469,110084
2025-04-16,64.5785140991211,110002
2025-04-17,64.67621612548828,76001
2025-04-18,65.06700897216797,54053
2025-04-21,63.30844497680664,86115
2025-04-22,62.81995391845703,61001
2025-04-23,64.77391815185547,84001
2025-04-24,64.87161254882812,42300
2025-04-25,65.45780181884766,26200
2025-04-28,66.14168548583984,89235
2025-04-29,68.87724304199219,175286
2025-04-30,68.48644256591797,179001
2025-05-02,68.779541015625,91001
2025-05-05,67.21636962890625,114013
2025-05-06,68.58414459228516,72001
2025-05-07,68.29105377197266,47012
2025-05-08,68.29105377197266,143977
2025-05-09,68.38874816894531,50010
2025-05-12,70.04961395263672,101010
2025-05-13,68.87724304199219,163057
2025-05-14,69.65882873535156,68202
2025-05-15,68.87724304199219,128132
2025-05-16,70.73350524902344,444000
2025-05-19,74.83683013916016,1257226
2025-05-20,72.10128021240234,408200
2025-05-21,73.17596435546875,172197
2025-05-22,72.29667663574219,185066
2025-05-23,71.22200012207031,141000
2025-05-26,72.78517150878906,483006
2025-05-27,74.44603729248047,348837
2025-05-28,79.13555145263672,1526349
2025-05-29,79.9171371459961,1163053
2025-06-02,81.67570495605469,6513208
2025-06-03,80.40563201904297,2032691
2025-06-04,78.54936218261719,822346
2025-06-05,78.35396575927734,469101
2025-06-06,77.57238006591797,255499
2025-06-09,76.69309997558594,389001
2025-06-10,75.71611022949219,354145
2025-06-11,76.4000015258789,243010
2025-06-12,76.4000015258789,362010
2025-06-13,75.0,192002
2025-06-16,74.5,120100
2025-06-17,75.0999984741211,339010
2025-06-18,74.30000305175781,165175
2025-06-19,72.30000305175781,268063
2025-06-20,71.4000015258789,180620
2025-06-23,70.5999984741211,211000
2025-06-24,71.5999984741211,139000
2025-06-25,72.0,143000
2025-06-26,72.5999984741211,128757
2025-06-27,73.19999694824219,177002
2025-06-30,72.30000305175781,125010
2025-07-01,71.80000305175781,100000
2025-07-02,72.30000305175781,75000
2025-07-03,72.69999694824219,50603
2025-07-04,72.5,112000
2025-07-07,71.19999694824219,89020
2025-07-08,70.0999984741211,133160
2025-07-09,70.30000305175781,81375
2025-07-10,70.5,102500
2025-07-11,71.80000305175781,100225
2025-07-14,71.30000305175781,66001
2025-07-15,72.0999984741211,44002
2025-07-16,72.30000305175781,89150
2025-07-17,73.4000015258789,128234
2025-07-18,72.80000305175781,53000
2025-07-21,72.9000015258789,42122
2025-07-22,70.30000305175781,122200
2025-07-23,71.5999984741211,73000
2025-07-24,72.0,100256
2025-07-25,72.0,60003
2025-07-28,72.0999984741211,69056
2025-07-29,71.0999984741211,93002
2025-07-30,71.0999984741211,51153
2025-07-31,70.4000015258789,124004
2025-08-04,71.19999694824219,93003
2025-08-05,72.69999694824219,157069
2025-08-06,72.30000305175781,35100
2025-08-07,71.4000015258789,86033
2025-08-08,71.5,63001
2025-08-11,70.19999694824219,169036
2025-08-12,70.30000305175781,84001
2025-08-13,69.5999984741211,170078
2025-08-14,70.30000305175781,111200
2025-08-15,69.5999984741211,140035
2025-08-18,69.0,219000
2025-08-19,68.30000305175781,186000
2025-08-20,67.69999694824219,178719
2025-08-21,68.9000015258789,104105
2025-08-22,69.30000305175781,115100
2025-08-25,69.5999984741211,158040
2025-08-26,69.19999694824219,94060
2025-08-27,71.0,242210
2025-08-28,71.0999984741211,98210
2025-08-29,70.5,150050
2025-09-01,69.30000305175781,76000
2025-09-02,71.0,170298
2025-09-03,72.0999984741211,497112
2025-09-04,72.80000305175781,150130
2025-09-05,73.19999694824219,115151
2025-09-08,72.69999694824219,150093
2025-09-09,72.30000305175781,113035
2025-09-10,73.0,145300
2025-09-11,70.9000015258789,168120
2025-09-12,70.9000015258789,110004
2025-09-15,70.80000305175781,75012
2025-09-16,70.5,88171
2025-09-17,70.19999694824219,86256
2025-09-18,70.5,85294
2025-09-19,70.0,130001
2025-09-22,69.69999694824219,100001
2025-09-23,69.5,138001
2025-09-24,71.19999694824219,349000
2025-09-25,71.0,114105
2025-09-26,69.4000015258789,157000
2025-09-30,70.80000305175781,123010
2025-10-01,70.5,56200
2025-10-02,70.5,57057
2025-10-03,68.80000305175781,137001
2025-10-07,68.9000015258789,133542
2025-10-08,68.80000305175781,99187
2025-10-09,68.5,107010
2025-10-13,66.69999694824219,170002
2025-10-14,65.30000305175781,272100
2025-10-15,65.30000305175781,102207
2025-10-16,65.69999694824219,178001
2025-10-17,66.4000015258789,189000
2025-10-20,65.69999694824219,120317
2025-10-21,66.69999694824219,142150
2025-10-22,67.9000015258789,193202
2025-10-23,67.5999984741211,72325
2025-10-27,67.19999694824219,104004
2025-10-28,66.0999984741211,120010
2025-10-29,65.80000305175781,75000
2025-10-30,65.4000015258789,91033
2025-10-31,66.19999694824219,68067
2025-11-03,66.30000305175781,46001
2025-11-04,65.5,96001
2025-11-05,64.5999984741211,136000
2025-11-06,64.5,83257
2025-11-07,63.79999923706055,72200
2025-11-10,62.900001525878906,126001
2025-11-11,63.5,39233
2025-11-12,67.0,300013
2025-11-13,65.9000015258789,99005
2025-11-14,67.5999984741211,224461
2025-11-17,66.30000305175781,101156
2025-11-18,65.0,98103
2025-11-19,65.19999694824219,75050
2025-11-20,64.69999694824219,99253
2025-11-21,63.5,133102
2025-11-24,65.69999694824219,142070
2025-11-25,66.4000015258789,47140
2025-11-26,67.19999694824219,96030
2025-11-27,67.0,65036
2025-11-28,66.80000305175781,56202
2025-12-01,66.0999984741211,45090
2025-12-02,66.19999694824219,57006
2025-12-03,66.19999694824219,23035
2025-12-04,67.69999694824219,161150
2025-12-05,66.69999694824219,116000
2025-12-08,66.69999694824219,61768
2025-12-09,66.5,67114
2025-12-10,65.9000015258789,68373
2025-12-11,65.5,52361
2025-12-12,65.5,93004
2025-12-15,65.80000305175781,70201
2025-12-16,64.5999984741211,104051
2025-12-17,64.19999694824219,76027
2025-12-18,63.599998474121094,67030
2025-12-19,64.0,36003
2025-12-22,64.19999694824219,83003
2025-12-23,63.5,108006
2025-12-24,63.400001525878906,92806
2025-12-26,63.099998474121094,78102
2025-12-29,63.5,41102
2025-12-30,63.5,127004
2025-12-31,63.0,57115
2026-01-02,63.5,113189
2026-01-05,62.20000076293945,172004
2026-01-06,62.79999923706055,91003
2026-01-07,63.70000076293945,129062
2026-01-08,63.900001525878906,91010
2026-01-09,64.0999984741211,73050
2026-01-12,63.79999923706055,106051
2026-01-13,63.5,147136
2026-01-14,64.80000305175781,185031
2026-01-15,65.9000015258789,175556
2026-01-16,65.5999984741211,193516
2026-01-19,64.5,138004
2026-01-20,63.70000076293945,167200
2026-01-21,63.79999923706055,121002
2026-01-22,63.70000076293945,119001
2026-01-23,66.0999984741211,409046
2026-01-26,66.0,299318
2026-01-27,67.30000305175781,471034
2026-01-28,67.5999984741211,417716
2026-01-29,67.0,176101
2026-01-30,65.19999694824219,171350
2026-02-02,63.70000076293945,168003
2026-02-03,63.099998474121094,194093
2026-02-04,63.5,77187
2026-02-05,62.900001525878906,137102
2026-02-06,61.79999923706055,185002
2026-02-09,61.79999923706055,118202
2026-02-10,62.29999923706055,133200
2026-02-11,61.599998474121094,116741
2026-02-23,63.20000076293945,183122
2026-02-24,62.900001525878906,152150
2026-02-25,63.099998474121094,144096
2026-02-26,62.5,117006
2026-03-02,61.70000076293945,162039
2026-03-03,60.20000076293945,292101
2026-03-04,58.79999923706055,348204
2026-03-05,60.79999923706055,147043
2026-03-06,61.20000076293945,105005
2026-03-09,59.400001525878906,179006
2026-03-10,59.70000076293945,98011
2026-03-11,61.0,177022
2026-03-12,59.900001525878906,141205
2026-03-13,59.599998474121094,95039
2026-03-16,59.599998474121094,69440
2026-03-17,60.70000076293945,106026
2026-03-18,61.5,105631
